epoch,train_loss,train_acc,val_loss,val_acc,val_auc,lr
1,0.781377,0.5637,0.728046,0.4966,0.643063,1.000000e-03
2,0.673532,0.5794,0.695911,0.4966,0.671982,1.000000e-03
3,0.668040,0.5708,0.685237,0.4966,0.663514,1.000000e-03
4,0.685051,0.5465,0.678846,0.5638,0.660541,1.000000e-03
5,0.665739,0.5780,0.679393,0.4966,0.664955,1.000000e-03
