{
  "global": {
    "accuracy": 0.5093333333333333,
    "precision": 0.0,
    "recall": 0.0,
    "f1": 0.0,
    "precision_macro": 0.25466666666666665,
    "recall_macro": 0.5,
    "f1_macro": 0.3374558303886926,
    "balanced_accuracy": 0.5,
    "specificity": 1.0,
    "mcc": 0.0,
    "brier": 0.42129076351722083,
    "roc_auc": 0.5998187812997952,
    "pr_auc": 0.5380314556977075,
    "ece": 0.43429589843750005,
    "threshold": 0.05,
    "tn": 764,
    "fp": 0,
    "fn": 736,
    "tp": 0,
    "ece_detail": {
      "bins": [
        [
          0.0,
          0.06666666666666667
        ],
        [
          0.06666666666666667,
          0.13333333333333333
        ],
        [
          0.13333333333333333,
          0.2
        ],
        [
          0.2,
          0.26666666666666666
        ],
        [
          0.26666666666666666,
          0.3333333333333333
        ],
        [
          0.3333333333333333,
          0.4
        ],
        [
          0.4,
          0.4666666666666667
        ],
        [
          0.4666666666666667,
          0.5333333333333333
        ],
        [
          0.5333333333333333,
          0.6
        ],
        [
          0.6,
          0.6666666666666666
        ],
        [
          0.6666666666666666,
          0.7333333333333333
        ],
        [
          0.7333333333333333,
          0.8
        ],
        [
          0.8,
          0.8666666666666667
        ],
        [
          0.8666666666666667,
          0.9333333333333333
        ],
        [
          0.9333333333333333,
          1.0
        ]
      ],
      "conf": [
        0.06103515625,
        0.078125,
        NaN,
        NaN,
        NaN,
        NaN,
        NaN,
        NaN,
        NaN,
        NaN,
        NaN,
        NaN,
        NaN,
        NaN,
        NaN
      ],
      "acc": [
        0.6826568265682657,
        0.47111472742066723,
        NaN,
        NaN,
        NaN,
        NaN,
        NaN,
        NaN,
        NaN,
        NaN,
        NaN,
        NaN,
        NaN,
        NaN,
        NaN
      ],
      "count": [
        271,
        1229,
        0,
        0,
        0,
        0,
        0,
        0,
        0,
        0,
        0,
        0,
        0,
        0,
        0
      ]
    }
  }
}