{
  "global": {
    "accuracy": 0.754,
    "precision": 0.7268232385661311,
    "recall": 0.7989130434782609,
    "f1": 0.7611650485436893,
    "precision_macro": 0.7563204470688831,
    "recall_macro": 0.7548230138857273,
    "f1_macro": 0.7537784005605044,
    "balanced_accuracy": 0.7548230138857273,
    "specificity": 0.7107329842931938,
    "mcc": 0.5111412675283804,
    "brier": 0.17029813041662176,
    "roc_auc": 0.8234487039039381,
    "pr_auc": 0.7826677922465282,
    "ece": 0.28723990885416667,
    "threshold": 0.458984375,
    "tn": 543,
    "fp": 221,
    "fn": 148,
    "tp": 588,
    "ece_detail": {
      "bins": [
        [
          0.0,
          0.06666666666666667
        ],
        [
          0.06666666666666667,
          0.13333333333333333
        ],
        [
          0.13333333333333333,
          0.2
        ],
        [
          0.2,
          0.26666666666666666
        ],
        [
          0.26666666666666666,
          0.3333333333333333
        ],
        [
          0.3333333333333333,
          0.4
        ],
        [
          0.4,
          0.4666666666666667
        ],
        [
          0.4666666666666667,
          0.5333333333333333
        ],
        [
          0.5333333333333333,
          0.6
        ],
        [
          0.6,
          0.6666666666666666
        ],
        [
          0.6666666666666666,
          0.7333333333333333
        ],
        [
          0.7333333333333333,
          0.8
        ],
        [
          0.8,
          0.8666666666666667
        ],
        [
          0.8666666666666667,
          0.9333333333333333
        ],
        [
          0.9333333333333333,
          1.0
        ]
      ],
      "conf": [
        0.02679443359375,
        0.10113525390625,
        0.1700439453125,
        0.232421875,
        0.3017578125,
        0.366455078125,
        0.432373046875,
        0.501953125,
        0.56787109375,
        0.6357421875,
        0.70166015625,
        0.767578125,
        0.83154296875,
        0.89599609375,
        NaN
      ],
      "acc": [
        0.9649122807017544,
        0.9058823529411765,
        0.8556701030927835,
        0.8,
        0.6666666666666666,
        0.5428571428571428,
        0.5609756097560976,
        0.49019607843137253,
        0.6226415094339622,
        0.7407407407407407,
        0.7338129496402878,
        0.781021897810219,
        0.8319327731092437,
        0.8372093023255814,
        NaN
      ],
      "count": [
        171,
        85,
        97,
        85,
        78,
        105,
        82,
        102,
        106,
        108,
        139,
        137,
        119,
        86,
        0
      ]
    }
  }
}