{
  "global": {
    "accuracy": 0.5053333333333333,
    "precision": 0.49794238683127573,
    "recall": 0.9864130434782609,
    "f1": 0.6618049225159526,
    "precision_macro": 0.6299235743680188,
    "recall_macro": 0.5141489301160937,
    "f1_macro": 0.3706046945085966,
    "balanced_accuracy": 0.5141489301160937,
    "specificity": 0.041884816753926704,
    "mcc": 0.08575032534436734,
    "brier": 0.250121826728185,
    "roc_auc": 0.45767147308217615,
    "pr_auc": 0.457733342028396,
    "ece": 0.032038411458333305,
    "threshold": 0.4765625,
    "tn": 32,
    "fp": 732,
    "fn": 10,
    "tp": 726,
    "ece_detail": {
      "bins": [
        [
          0.0,
          0.06666666666666667
        ],
        [
          0.06666666666666667,
          0.13333333333333333
        ],
        [
          0.13333333333333333,
          0.2
        ],
        [
          0.2,
          0.26666666666666666
        ],
        [
          0.26666666666666666,
          0.3333333333333333
        ],
        [
          0.3333333333333333,
          0.4
        ],
        [
          0.4,
          0.4666666666666667
        ],
        [
          0.4666666666666667,
          0.5333333333333333
        ],
        [
          0.5333333333333333,
          0.6
        ],
        [
          0.6,
          0.6666666666666666
        ],
        [
          0.6666666666666666,
          0.7333333333333333
        ],
        [
          0.7333333333333333,
          0.8
        ],
        [
          0.8,
          0.8666666666666667
        ],
        [
          0.8666666666666667,
          0.9333333333333333
        ],
        [
          0.9333333333333333,
          1.0
        ]
      ],
      "conf": [
        NaN,
        NaN,
        NaN,
        NaN,
        NaN,
        NaN,
        NaN,
        0.477294921875,
        NaN,
        NaN,
        NaN,
        NaN,
        NaN,
        NaN,
        NaN
      ],
      "acc": [
        NaN,
        NaN,
        NaN,
        NaN,
        NaN,
        NaN,
        NaN,
        0.5093333333333333,
        NaN,
        NaN,
        NaN,
        NaN,
        NaN,
        NaN,
        NaN
      ],
      "count": [
        0,
        0,
        0,
        0,
        0,
        0,
        0,
        1500,
        0,
        0,
        0,
        0,
        0,
        0,
        0
      ]
    }
  }
}