{
  "global": {
    "accuracy": 0.7,
    "precision": 0.7,
    "recall": 1.0,
    "f1": 0.8235294117647058,
    "precision_macro": 0.35,
    "recall_macro": 0.5,
    "f1_macro": 0.4117647058823529,
    "balanced_accuracy": 0.5,
    "specificity": 0.0,
    "mcc": 0.0,
    "brier": 0.24274544715881347,
    "roc_auc": 0.5,
    "pr_auc": 0.7,
    "ece": 0.18095703124999996,
    "threshold": 0.5,
    "tn": 0,
    "fp": 3,
    "fn": 0,
    "tp": 7,
    "ece_detail": {
      "bins": [
        [
          0.0,
          0.06666666666666667
        ],
        [
          0.06666666666666667,
          0.13333333333333333
        ],
        [
          0.13333333333333333,
          0.2
        ],
        [
          0.2,
          0.26666666666666666
        ],
        [
          0.26666666666666666,
          0.3333333333333333
        ],
        [
          0.3333333333333333,
          0.4
        ],
        [
          0.4,
          0.4666666666666667
        ],
        [
          0.4666666666666667,
          0.5333333333333333
        ],
        [
          0.5333333333333333,
          0.6
        ],
        [
          0.6,
          0.6666666666666666
        ],
        [
          0.6666666666666666,
          0.7333333333333333
        ],
        [
          0.7333333333333333,
          0.8
        ],
        [
          0.8,
          0.8666666666666667
        ],
        [
          0.8666666666666667,
          0.9333333333333333
        ],
        [
          0.9333333333333333,
          1.0
        ]
      ],
      "conf": [
        NaN,
        NaN,
        NaN,
        NaN,
        NaN,
        NaN,
        NaN,
        0.51904296875,
        NaN,
        NaN,
        NaN,
        NaN,
        NaN,
        NaN,
        NaN
      ],
      "acc": [
        NaN,
        NaN,
        NaN,
        NaN,
        NaN,
        NaN,
        NaN,
        0.7,
        NaN,
        NaN,
        NaN,
        NaN,
        NaN,
        NaN,
        NaN
      ],
      "count": [
        0,
        0,
        0,
        0,
        0,
        0,
        0,
        10,
        0,
        0,
        0,
        0,
        0,
        0,
        0
      ]
    }
  }
}