{
  "global": {
    "accuracy": 0.592,
    "precision": 0.5621242484969939,
    "recall": 0.7622282608695652,
    "f1": 0.6470588235294118,
    "precision_macro": 0.6067593354038754,
    "recall_macro": 0.5951193660368769,
    "f1_macro": 0.5818232506272651,
    "balanced_accuracy": 0.5951193660368769,
    "specificity": 0.4280104712041885,
    "mcc": 0.2015428520403037,
    "brier": 0.4566664384822361,
    "roc_auc": 0.5764746471659459,
    "pr_auc": 0.5056075237694867,
    "ece": 0.4739329427083333,
    "threshold": 0.0343017578125,
    "tn": 327,
    "fp": 437,
    "fn": 175,
    "tp": 561,
    "ece_detail": {
      "bins": [
        [
          0.0,
          0.06666666666666667
        ],
        [
          0.06666666666666667,
          0.13333333333333333
        ],
        [
          0.13333333333333333,
          0.2
        ],
        [
          0.2,
          0.26666666666666666
        ],
        [
          0.26666666666666666,
          0.3333333333333333
        ],
        [
          0.3333333333333333,
          0.4
        ],
        [
          0.4,
          0.4666666666666667
        ],
        [
          0.4666666666666667,
          0.5333333333333333
        ],
        [
          0.5333333333333333,
          0.6
        ],
        [
          0.6,
          0.6666666666666666
        ],
        [
          0.6666666666666666,
          0.7333333333333333
        ],
        [
          0.7333333333333333,
          0.8
        ],
        [
          0.8,
          0.8666666666666667
        ],
        [
          0.8666666666666667,
          0.9333333333333333
        ],
        [
          0.9333333333333333,
          1.0
        ]
      ],
      "conf": [
        0.035400390625,
        NaN,
        NaN,
        NaN,
        NaN,
        NaN,
        NaN,
        NaN,
        NaN,
        NaN,
        NaN,
        NaN,
        NaN,
        NaN,
        NaN
      ],
      "acc": [
        0.5093333333333333,
        NaN,
        NaN,
        NaN,
        NaN,
        NaN,
        NaN,
        NaN,
        NaN,
        NaN,
        NaN,
        NaN,
        NaN,
        NaN,
        NaN
      ],
      "count": [
        1500,
        0,
        0,
        0,
        0,
        0,
        0,
        0,
        0,
        0,
        0,
        0,
        0,
        0,
        0
      ]
    }
  }
}